date,product,category,quantity,price
2026-09-01,Ноутбук,Електроніка,2,25000
2026-09-02,Мишка,Аксесуари,10,800
2026-09-03,Клавіатура,Аксесуари,5,1500
2026-09-04,Монітор,Електроніка,3,7000
2026-09-05,Навушники,Аксесуари,8,2500
2026-09-06,Ноутбук,Електроніка,1,28000
2026-09-07,Крісло,Меблі,2,6000
2026-09-08,Стіл,Меблі,1,9000
2026-09-09,Мишка,Аксесуари,15,750
2026-09-10,Монітор,Електроніка,4,6500
2026-09-11,Клавіатура,Аксесуари,7,1700
2026-09-12,Крісло,Меблі,3,5500
2026-09-13,Навушники,Аксесуари,6,2200
2026-09-14,Ноутбук,Електроніка,2,26000
2026-09-15,Стіл,Меблі,2,8500